Changes made at Sat Aug  9 05:58:18 UTC 2025
Changes made at Sat Aug  9 06:00:13 UTC 2025
Changes made at Sat Aug  9 06:01:25 UTC 2025
Changes made at Sat Aug  9 06:10:34 UTC 2025
Changes made at Sat Aug  9 08:14:07 UTC 2025
Changes made at Sat Aug  9 08:15:15 UTC 2025
Changes made at Sat Aug  9 09:48:38 UTC 2025
Changes made at Sat Aug  9 09:50:39 UTC 2025
Changes made at Sat Aug  9 10:43:14 UTC 2025
Changes made at Sat Aug  9 14:40:20 UTC 2025
Changes made at Sat Aug  9 16:49:54 UTC 2025
Changes made at Sun Aug 10 08:48:51 UTC 2025
Changes made at Sun Aug 10 10:44:19 UTC 2025
Changes made at Sun Aug 10 14:40:07 UTC 2025
Changes made at Sun Aug 10 16:49:49 UTC 2025
Changes made at Mon Aug 11 08:57:40 UTC 2025
Changes made at Mon Aug 11 10:51:20 UTC 2025
Changes made at Mon Aug 11 14:51:01 UTC 2025
Changes made at Mon Aug 11 16:55:52 UTC 2025
Changes made at Tue Aug 12 08:54:22 UTC 2025
Changes made at Tue Aug 12 10:48:27 UTC 2025
Changes made at Tue Aug 12 14:47:58 UTC 2025
Changes made at Tue Aug 12 16:54:37 UTC 2025
Changes made at Wed Aug 13 08:56:09 UTC 2025
Changes made at Wed Aug 13 10:48:26 UTC 2025
Changes made at Wed Aug 13 14:48:35 UTC 2025
Changes made at Wed Aug 13 16:44:38 UTC 2025
Changes made at Thu Aug 14 08:56:01 UTC 2025
Changes made at Thu Aug 14 10:49:26 UTC 2025
Changes made at Thu Aug 14 14:47:01 UTC 2025
Changes made at Thu Aug 14 16:52:03 UTC 2025
Changes made at Fri Aug 15 08:52:15 UTC 2025
Changes made at Fri Aug 15 10:45:53 UTC 2025
Changes made at Fri Aug 15 14:43:15 UTC 2025
Changes made at Fri Aug 15 16:50:40 UTC 2025
Changes made at Sat Aug 16 08:47:36 UTC 2025
Changes made at Sat Aug 16 10:39:52 UTC 2025
Changes made at Sat Aug 16 14:37:01 UTC 2025
Changes made at Sat Aug 16 16:44:53 UTC 2025
Changes made at Sun Aug 17 08:47:36 UTC 2025
Changes made at Sun Aug 17 10:41:42 UTC 2025
Changes made at Sun Aug 17 14:38:41 UTC 2025
Changes made at Sun Aug 17 16:47:40 UTC 2025
Changes made at Mon Aug 18 08:56:15 UTC 2025
Changes made at Mon Aug 18 10:49:58 UTC 2025
Changes made at Mon Aug 18 14:49:16 UTC 2025
Changes made at Mon Aug 18 16:55:07 UTC 2025
Changes made at Tue Aug 19 08:51:35 UTC 2025
Changes made at Tue Aug 19 10:44:01 UTC 2025
Changes made at Tue Aug 19 14:43:05 UTC 2025
Changes made at Tue Aug 19 16:49:20 UTC 2025
Changes made at Wed Aug 20 08:47:14 UTC 2025
Changes made at Wed Aug 20 10:43:40 UTC 2025
Changes made at Wed Aug 20 14:43:40 UTC 2025
Changes made at Wed Aug 20 16:48:17 UTC 2025
Changes made at Thu Aug 21 08:49:37 UTC 2025
Changes made at Thu Aug 21 10:44:02 UTC 2025
Changes made at Thu Aug 21 14:43:41 UTC 2025
Changes made at Fri Aug 22 08:48:24 UTC 2025
Changes made at Fri Aug 22 10:42:28 UTC 2025
Changes made at Fri Aug 22 14:39:48 UTC 2025
Changes made at Fri Aug 22 16:47:41 UTC 2025
Changes made at Sat Aug 23 08:44:22 UTC 2025
Changes made at Sat Aug 23 10:38:34 UTC 2025
Changes made at Sat Aug 23 14:35:37 UTC 2025
Changes made at Sat Aug 23 16:43:01 UTC 2025
Changes made at Sun Aug 24 08:40:48 UTC 2025
Changes made at Sun Aug 24 10:38:23 UTC 2025
Changes made at Sun Aug 24 14:36:18 UTC 2025
Changes made at Sun Aug 24 16:44:27 UTC 2025
Changes made at Mon Aug 25 08:54:40 UTC 2025
Changes made at Mon Aug 25 10:44:36 UTC 2025
Changes made at Mon Aug 25 14:43:22 UTC 2025
Changes made at Mon Aug 25 16:50:18 UTC 2025
Changes made at Tue Aug 26 08:52:47 UTC 2025
Changes made at Tue Aug 26 10:43:56 UTC 2025
Changes made at Tue Aug 26 14:40:15 UTC 2025
Changes made at Tue Aug 26 16:46:46 UTC 2025
Changes made at Wed Aug 27 08:46:45 UTC 2025
Changes made at Wed Aug 27 10:39:52 UTC 2025
Changes made at Wed Aug 27 14:39:47 UTC 2025
Changes made at Wed Aug 27 16:47:14 UTC 2025
Changes made at Thu Aug 28 08:47:32 UTC 2025
Changes made at Thu Aug 28 10:40:52 UTC 2025
Changes made at Thu Aug 28 14:41:20 UTC 2025
Changes made at Thu Aug 28 16:47:00 UTC 2025
Changes made at Fri Aug 29 08:46:07 UTC 2025
Changes made at Fri Aug 29 10:39:40 UTC 2025
Changes made at Fri Aug 29 14:38:27 UTC 2025
Changes made at Fri Aug 29 16:45:53 UTC 2025
Changes made at Sat Aug 30 08:38:54 UTC 2025
Changes made at Sat Aug 30 10:34:26 UTC 2025
Changes made at Sat Aug 30 14:30:51 UTC 2025
Changes made at Sat Aug 30 16:39:44 UTC 2025
Changes made at Sun Aug 31 08:38:11 UTC 2025
Changes made at Sun Aug 31 10:34:49 UTC 2025
Changes made at Sun Aug 31 14:32:05 UTC 2025
Changes made at Sun Aug 31 16:40:42 UTC 2025
Changes made at Mon Sep  1 08:50:57 UTC 2025
Changes made at Mon Sep  1 10:43:58 UTC 2025
Changes made at Mon Sep  1 14:38:50 UTC 2025
Changes made at Mon Sep  1 16:43:19 UTC 2025
Changes made at Tue Sep  2 08:49:06 UTC 2025
Changes made at Tue Sep  2 10:41:18 UTC 2025
Changes made at Tue Sep  2 14:43:44 UTC 2025
Changes made at Tue Sep  2 16:48:12 UTC 2025
Changes made at Wed Sep  3 08:44:03 UTC 2025
Changes made at Wed Sep  3 10:37:56 UTC 2025
Changes made at Wed Sep  3 14:39:12 UTC 2025
Changes made at Wed Sep  3 16:44:38 UTC 2025
Changes made at Thu Sep  4 08:45:24 UTC 2025
Changes made at Thu Sep  4 10:38:10 UTC 2025
Changes made at Thu Sep  4 14:38:31 UTC 2025
Changes made at Thu Sep  4 16:45:29 UTC 2025
Changes made at Fri Sep  5 08:44:04 UTC 2025
Changes made at Fri Sep  5 10:39:02 UTC 2025
Changes made at Fri Sep  5 14:36:31 UTC 2025
Changes made at Fri Sep  5 16:41:01 UTC 2025
Changes made at Sat Sep  6 08:34:56 UTC 2025
Changes made at Sat Sep  6 10:32:10 UTC 2025
Changes made at Sat Sep  6 14:29:39 UTC 2025
Changes made at Sat Sep  6 16:37:10 UTC 2025
Changes made at Sun Sep  7 08:35:12 UTC 2025
Changes made at Sun Sep  7 10:33:32 UTC 2025
Changes made at Sun Sep  7 14:29:52 UTC 2025
Changes made at Sun Sep  7 16:37:50 UTC 2025
Changes made at Mon Sep  8 08:49:33 UTC 2025
Changes made at Mon Sep  8 10:41:42 UTC 2025
Changes made at Mon Sep  8 14:41:41 UTC 2025
Changes made at Mon Sep  8 16:26:38 UTC 2025
Changes made at Tue Sep  9 08:29:10 UTC 2025
Changes made at Tue Sep  9 10:22:45 UTC 2025
Changes made at Tue Sep  9 14:19:14 UTC 2025
Changes made at Tue Sep  9 16:27:20 UTC 2025
Changes made at Wed Sep 10 08:29:05 UTC 2025
Changes made at Wed Sep 10 10:21:16 UTC 2025
Changes made at Wed Sep 10 14:19:45 UTC 2025
Changes made at Wed Sep 10 16:27:15 UTC 2025
Changes made at Thu Sep 11 08:28:00 UTC 2025
Changes made at Thu Sep 11 10:21:18 UTC 2025
Changes made at Thu Sep 11 14:20:25 UTC 2025
Changes made at Thu Sep 11 16:26:23 UTC 2025
Changes made at Fri Sep 12 08:26:59 UTC 2025
Changes made at Fri Sep 12 10:22:21 UTC 2025
Changes made at Fri Sep 12 14:19:43 UTC 2025
Changes made at Fri Sep 12 16:22:21 UTC 2025
Changes made at Sat Sep 13 08:24:07 UTC 2025
Changes made at Sat Sep 13 10:18:50 UTC 2025
Changes made at Sat Sep 13 14:15:37 UTC 2025
Changes made at Sat Sep 13 16:21:48 UTC 2025
Changes made at Sun Sep 14 08:24:18 UTC 2025
Changes made at Sun Sep 14 10:18:24 UTC 2025
Changes made at Sun Sep 14 14:16:34 UTC 2025
Changes made at Sun Sep 14 16:21:39 UTC 2025
Changes made at Mon Sep 15 08:29:12 UTC 2025
Changes made at Mon Sep 15 10:22:59 UTC 2025
Changes made at Mon Sep 15 14:22:08 UTC 2025
Changes made at Mon Sep 15 16:27:28 UTC 2025
Changes made at Tue Sep 16 08:29:11 UTC 2025
Changes made at Tue Sep 16 10:22:12 UTC 2025
Changes made at Tue Sep 16 14:21:29 UTC 2025
Changes made at Tue Sep 16 16:27:14 UTC 2025
Changes made at Wed Sep 17 08:28:11 UTC 2025
Changes made at Wed Sep 17 10:21:56 UTC 2025
Changes made at Wed Sep 17 14:20:03 UTC 2025
Changes made at Wed Sep 17 16:27:14 UTC 2025
Changes made at Thu Sep 18 08:27:37 UTC 2025
Changes made at Thu Sep 18 10:21:53 UTC 2025
Changes made at Thu Sep 18 14:20:57 UTC 2025
Changes made at Thu Sep 18 16:26:46 UTC 2025
Changes made at Fri Sep 19 08:28:10 UTC 2025
Changes made at Fri Sep 19 10:22:48 UTC 2025
Changes made at Fri Sep 19 14:19:50 UTC 2025
Changes made at Fri Sep 19 16:25:40 UTC 2025
Changes made at Sat Sep 20 08:25:09 UTC 2025
Changes made at Sat Sep 20 10:19:40 UTC 2025
Changes made at Sat Sep 20 14:17:08 UTC 2025
Changes made at Sat Sep 20 16:23:03 UTC 2025
Changes made at Sun Sep 21 08:23:46 UTC 2025
Changes made at Sun Sep 21 10:19:21 UTC 2025
Changes made at Sun Sep 21 14:17:04 UTC 2025
Changes made at Sun Sep 21 16:23:42 UTC 2025
Changes made at Mon Sep 22 08:29:59 UTC 2025
Changes made at Mon Sep 22 10:23:57 UTC 2025
Changes made at Mon Sep 22 14:22:27 UTC 2025
Changes made at Mon Sep 22 16:27:52 UTC 2025
Changes made at Tue Sep 23 08:28:16 UTC 2025
Changes made at Tue Sep 23 10:22:13 UTC 2025
Changes made at Tue Sep 23 14:21:24 UTC 2025
Changes made at Tue Sep 23 16:27:31 UTC 2025
Changes made at Wed Sep 24 08:28:56 UTC 2025
Changes made at Wed Sep 24 10:22:13 UTC 2025
Changes made at Wed Sep 24 14:18:39 UTC 2025
Changes made at Wed Sep 24 16:27:57 UTC 2025
Changes made at Thu Sep 25 08:28:55 UTC 2025
Changes made at Thu Sep 25 10:22:52 UTC 2025
Changes made at Thu Sep 25 14:22:03 UTC 2025
Changes made at Thu Sep 25 16:27:09 UTC 2025
Changes made at Fri Sep 26 08:29:20 UTC 2025
Changes made at Fri Sep 26 10:22:23 UTC 2025
Changes made at Fri Sep 26 14:18:51 UTC 2025
Changes made at Fri Sep 26 16:26:51 UTC 2025
Changes made at Sat Sep 27 08:24:18 UTC 2025
Changes made at Sat Sep 27 10:19:16 UTC 2025
Changes made at Sat Sep 27 14:16:45 UTC 2025
Changes made at Sat Sep 27 16:23:12 UTC 2025
Changes made at Sun Sep 28 08:24:11 UTC 2025
Changes made at Sun Sep 28 10:19:16 UTC 2025
Changes made at Sun Sep 28 14:16:14 UTC 2025
Changes made at Sun Sep 28 16:23:11 UTC 2025
Changes made at Mon Sep 29 08:31:45 UTC 2025
Changes made at Mon Sep 29 10:23:46 UTC 2025
Changes made at Mon Sep 29 14:21:52 UTC 2025
Changes made at Mon Sep 29 16:22:09 UTC 2025
Changes made at Tue Sep 30 08:30:24 UTC 2025
Changes made at Tue Sep 30 10:23:40 UTC 2025
Changes made at Tue Sep 30 14:21:03 UTC 2025
Changes made at Tue Sep 30 16:27:38 UTC 2025
Changes made at Wed Oct  1 08:29:05 UTC 2025
Changes made at Wed Oct  1 10:22:58 UTC 2025
Changes made at Wed Oct  1 14:21:51 UTC 2025
Changes made at Wed Oct  1 16:27:23 UTC 2025
Changes made at Thu Oct  2 08:27:54 UTC 2025
Changes made at Thu Oct  2 10:20:55 UTC 2025
Changes made at Thu Oct  2 14:21:22 UTC 2025
Changes made at Thu Oct  2 16:26:20 UTC 2025
Changes made at Fri Oct  3 08:27:05 UTC 2025
Changes made at Fri Oct  3 10:21:52 UTC 2025
Changes made at Fri Oct  3 14:19:29 UTC 2025
Changes made at Fri Oct  3 16:25:51 UTC 2025
Changes made at Sat Oct  4 08:24:06 UTC 2025
Changes made at Sat Oct  4 10:19:07 UTC 2025
Changes made at Sat Oct  4 14:17:19 UTC 2025
Changes made at Sat Oct  4 16:23:28 UTC 2025
Changes made at Sun Oct  5 08:24:18 UTC 2025
Changes made at Sun Oct  5 10:19:26 UTC 2025
Changes made at Sun Oct  5 14:17:06 UTC 2025
Changes made at Sun Oct  5 16:23:14 UTC 2025
Changes made at Mon Oct  6 08:28:56 UTC 2025
Changes made at Mon Oct  6 10:24:13 UTC 2025
Changes made at Mon Oct  6 14:21:17 UTC 2025
Changes made at Mon Oct  6 16:26:49 UTC 2025
Changes made at Tue Oct  7 08:28:58 UTC 2025
Changes made at Tue Oct  7 10:22:29 UTC 2025
Changes made at Tue Oct  7 14:22:37 UTC 2025
Changes made at Tue Oct  7 16:27:00 UTC 2025
Changes made at Wed Oct  8 08:29:38 UTC 2025
Changes made at Wed Oct  8 10:22:36 UTC 2025
Changes made at Wed Oct  8 14:22:08 UTC 2025
Changes made at Wed Oct  8 16:27:20 UTC 2025
Changes made at Thu Oct  9 08:29:26 UTC 2025
Changes made at Thu Oct  9 10:23:58 UTC 2025
Changes made at Thu Oct  9 14:21:33 UTC 2025
Changes made at Thu Oct  9 16:29:14 UTC 2025
Changes made at Fri Oct 10 08:28:44 UTC 2025
Changes made at Fri Oct 10 10:22:57 UTC 2025
Changes made at Fri Oct 10 14:20:52 UTC 2025
Changes made at Fri Oct 10 16:26:52 UTC 2025
Changes made at Sat Oct 11 08:24:54 UTC 2025
Changes made at Sat Oct 11 10:19:46 UTC 2025
Changes made at Sat Oct 11 14:16:41 UTC 2025
Changes made at Sat Oct 11 16:22:48 UTC 2025
Changes made at Sun Oct 12 08:24:51 UTC 2025
Changes made at Sun Oct 12 10:19:56 UTC 2025
Changes made at Sun Oct 12 14:17:30 UTC 2025
Changes made at Sun Oct 12 16:23:29 UTC 2025
Changes made at Mon Oct 13 08:31:26 UTC 2025
Changes made at Mon Oct 13 10:25:43 UTC 2025
Changes made at Mon Oct 13 14:22:53 UTC 2025
Changes made at Mon Oct 13 16:27:33 UTC 2025
Changes made at Tue Oct 14 08:27:28 UTC 2025
Changes made at Tue Oct 14 10:23:24 UTC 2025
Changes made at Tue Oct 14 14:22:30 UTC 2025
Changes made at Tue Oct 14 16:27:51 UTC 2025
Changes made at Wed Oct 15 08:30:46 UTC 2025
Changes made at Wed Oct 15 10:24:47 UTC 2025
Changes made at Wed Oct 15 14:22:56 UTC 2025
Changes made at Wed Oct 15 16:24:30 UTC 2025
Changes made at Thu Oct 16 08:31:10 UTC 2025
Changes made at Thu Oct 16 10:24:50 UTC 2025
Changes made at Thu Oct 16 14:22:27 UTC 2025
Changes made at Thu Oct 16 16:28:33 UTC 2025
Changes made at Fri Oct 17 08:29:56 UTC 2025
Changes made at Fri Oct 17 10:23:19 UTC 2025
Changes made at Fri Oct 17 14:21:11 UTC 2025
Changes made at Fri Oct 17 16:27:10 UTC 2025
Changes made at Sat Oct 18 08:26:16 UTC 2025
Changes made at Sat Oct 18 10:20:05 UTC 2025
Changes made at Sat Oct 18 14:17:34 UTC 2025
Changes made at Sat Oct 18 16:24:07 UTC 2025
Changes made at Sun Oct 19 08:25:09 UTC 2025
Changes made at Sun Oct 19 10:19:52 UTC 2025
Changes made at Sun Oct 19 14:17:55 UTC 2025
Changes made at Sun Oct 19 16:24:22 UTC 2025
Changes made at Mon Oct 20 08:30:04 UTC 2025
Changes made at Mon Oct 20 10:24:38 UTC 2025
Changes made at Mon Oct 20 14:21:32 UTC 2025
Changes made at Mon Oct 20 16:28:00 UTC 2025
Changes made at Tue Oct 21 08:31:29 UTC 2025
Changes made at Tue Oct 21 10:23:52 UTC 2025
Changes made at Tue Oct 21 14:20:40 UTC 2025
Changes made at Tue Oct 21 16:28:24 UTC 2025
Changes made at Wed Oct 22 08:31:59 UTC 2025
Changes made at Wed Oct 22 10:25:03 UTC 2025
Changes made at Wed Oct 22 14:24:15 UTC 2025
Changes made at Wed Oct 22 16:29:53 UTC 2025
Changes made at Thu Oct 23 08:30:38 UTC 2025
Changes made at Thu Oct 23 10:24:25 UTC 2025
Changes made at Thu Oct 23 14:22:51 UTC 2025
Changes made at Thu Oct 23 16:28:20 UTC 2025
Changes made at Fri Oct 24 08:29:48 UTC 2025
Changes made at Fri Oct 24 10:24:59 UTC 2025
Changes made at Fri Oct 24 14:22:41 UTC 2025
Changes made at Fri Oct 24 16:27:53 UTC 2025
Changes made at Sat Oct 25 08:25:15 UTC 2025
Changes made at Sat Oct 25 10:20:16 UTC 2025
Changes made at Sat Oct 25 14:18:06 UTC 2025
Changes made at Sat Oct 25 16:25:00 UTC 2025
Changes made at Sun Oct 26 08:26:17 UTC 2025
Changes made at Sun Oct 26 10:20:17 UTC 2025
Changes made at Sun Oct 26 14:18:19 UTC 2025
Changes made at Sun Oct 26 16:25:19 UTC 2025
Changes made at Mon Oct 27 08:30:59 UTC 2025
Changes made at Mon Oct 27 10:26:47 UTC 2025
Changes made at Mon Oct 27 14:23:29 UTC 2025
Changes made at Mon Oct 27 16:29:38 UTC 2025
Changes made at Tue Oct 28 08:30:31 UTC 2025
Changes made at Tue Oct 28 10:25:32 UTC 2025
Changes made at Tue Oct 28 14:23:26 UTC 2025
Changes made at Tue Oct 28 16:30:25 UTC 2025
Changes made at Wed Oct 29 08:31:11 UTC 2025
Changes made at Wed Oct 29 10:25:10 UTC 2025
Changes made at Wed Oct 29 14:23:27 UTC 2025
Changes made at Wed Oct 29 16:30:37 UTC 2025
Changes made at Thu Oct 30 08:29:24 UTC 2025
Changes made at Thu Oct 30 10:23:58 UTC 2025
Changes made at Thu Oct 30 14:23:07 UTC 2025
Changes made at Thu Oct 30 16:29:15 UTC 2025
Changes made at Fri Oct 31 08:29:10 UTC 2025
Changes made at Fri Oct 31 10:23:54 UTC 2025
Changes made at Fri Oct 31 14:22:31 UTC 2025
Changes made at Fri Oct 31 16:28:08 UTC 2025
Changes made at Sat Nov  1 08:26:02 UTC 2025
Changes made at Sat Nov  1 10:20:57 UTC 2025
Changes made at Sat Nov  1 14:17:58 UTC 2025
Changes made at Sat Nov  1 16:23:57 UTC 2025
Changes made at Sun Nov  2 08:25:17 UTC 2025
Changes made at Sun Nov  2 10:20:11 UTC 2025
Changes made at Sun Nov  2 14:18:16 UTC 2025
Changes made at Sun Nov  2 16:24:29 UTC 2025
Changes made at Mon Nov  3 08:31:44 UTC 2025
Changes made at Mon Nov  3 10:26:45 UTC 2025
Changes made at Mon Nov  3 14:22:35 UTC 2025
Changes made at Mon Nov  3 16:26:29 UTC 2025
Changes made at Tue Nov  4 08:31:41 UTC 2025
Changes made at Tue Nov  4 10:26:28 UTC 2025
Changes made at Tue Nov  4 14:23:11 UTC 2025
Changes made at Tue Nov  4 16:27:25 UTC 2025
Changes made at Wed Nov  5 08:30:50 UTC 2025
Changes made at Wed Nov  5 10:25:32 UTC 2025
Changes made at Wed Nov  5 14:22:54 UTC 2025
Changes made at Wed Nov  5 16:30:10 UTC 2025
Changes made at Thu Nov  6 08:31:08 UTC 2025
